Workbook
Name IA01_Ezap: '[1]Fte-IA'!$A$2:$B$300
Name IA02_Ezap: '[1]Fte-IA'!$G$2:$H$300
Name IA11_Ezap: '[1]Fte-IA'!$BI$2:$BJ$300
Name Pr01_Ezap: '[1]Fte-Prm'!$A$2:$B$300
Name Pr02_Ezap: '[1]Fte-Prm'!$G$2:$H$300
Name Pr11_Ezap: '[1]Fte-Prm'!$BI$2:$BJ$300

Sheet PORTADA
B2: |
B12: Formato electrónico FESE (Formato Estadístico de los Servicios de Emergencia)para el reporte estadístico mensual del número de llamadas generadas en el Servicio de Atención de Llamadas de Emergencia
K38: Centro Nacional de Información
K39: Secretariado Ejecutivo del Sistema Nacional de Seguridad Pública
K41: 2025

Sheet PRESENTACIÓN
B7: CENTRO NACIONAL DE INFORMACIÓN
B8: PRESENTACIÓN
B9: REPORTE ESTADÍSTICO MENSUAL DEL NÚMERO DE LLAMADAS GENERADAS EN EL SERVICIO DE ATENCIÓN DE LLAMADAS DE EMERGENCIA 911
B10: (FORMATO ELECTRÓNICO FESE)
B12: OBJETIVO
B13: Integrar, análizar y explotar la información generada de los tipos de incidentes de los Centros de Atención de Llamadas de Emergencia 9-1-1 que operan a nivel nacional.
B17: Ley General del Sistema Nacional de Seguridad Pública
B18: Artículo 111.- La Federación, los Estados, el Distrito Federal y los Municipios, realizarán los trabajos para lograr la compatibilidad de los servicios de telecomunicaciones de su Red Local correspondiente, con las bases de datos criminalísticos y de personal del Sistema, previstas en la presente Ley. El servicio de llamadas de emergencia y el servicio de denuncia anónima operarán con un número único de atención a la ciudadanía. El Secretario Ejecutivo adoptará las medidas necesarias para la homologación de los servicios.”
B24: Acuerdo Nacional por la Seguridad, la Justicia y la Legalidad
B25: 10/XXXVII/14. El Consejo Nacional de Seguridad Pública aprueba la consolidación de un servicio homologado para la atención de llamadas de emergencia en todo el país, que opere de manera estandarizada a nivel nacional, reduzca los tiempos de atención y mejore la calidad del servicio prestado a la ciudadanía. Para ello, se instruye al Secretariado Ejecutivo del Sistema Nacional de Seguridad Pública a realizar un diagnóstico a nivel nacional y, con base en éste, diseñar el programa que definirá las acciones y metas que las autoridades de los tres órdenes de gobierno deberán de cumplir a fin de ejecutar dicho acuerdo, así como las etapas y tiempos para la homologación del servicio y la desaparición progresiva de los números de atención de emergencia actuales. Acuerdo 12/XXXVIII/15. Catálogo Nacional de Incidentes de Emergencia e integración de Base Nacional. En el marco del Acuerdo 10/XXXVII/14, el Consejo Nacional de Seguridad Pública aprueba el Catálogo Nacional de Incidentes de Emergencia y su implementación obligatoria en los Servicios de Atención de Llamadas de Emergencia a nivel nacional, con base en los términos y plazos que determine el Secretariado Ejecutivo del Sistema Nacional de Seguridad Pública. Asimismo, se instruye a los responsables de los Servicios de Atención de Llamadas de Emergencia, a que proporcionen al Secretariado Ejecutivo del Sistema Nacional de Seguridad Pública, información periódica sobre sus incidentes, con base en dicho Catálogo.
B39: Acuerdos aprobados por el Consejo Nacional de Seguridad Pública en su Trigésima Primera Sesión.
B40: Acuerdo 03/XXXVIII/15. Programas con Prioridad Nacional. El Consejo Nacional de Seguridad Pública aprueba “Los Ejes Estratégicos del Sistema Nacional de Seguridad Pública y su estructura, así como los Programas con Prioridad Nacional para alcanzarlos, vinculados al ejercicio del fondo, subsidios y demás recursos de carácter federal que se otorguen a las Entidades Federativas, los Municipios y Demarcaciones Territoriales del Distrito Federal, en materia de seguridad pública”.
... B52: Homologar la información sobre incidencia delictiva que generan los centros de atención de llamadas de emergencia, así como generar una base de datos nacional con información estadística.

Sheet INSTRUCCIONES
B7: CENTRO NACIONAL DE INFORMACIÓN
B8: PRESENTACIÓN
B9: REPORTE ESTADÍSTICO MENSUAL DEL NÚMERO DE LLAMADAS GENERADAS EN EL SERVICIO DE ATENCIÓN DE LLAMADAS DE EMERGENCIA 066
B10: (FORMATO ELECTRÓNICO FESE)
B12: INSTRUCTIVO
B13: REPORTE ESTADÍSTICO DEL NÚMERO DE LLAMADAS GENERADAS EN LOS SERVICIOS DE ATENCIÓN DE LLAMADAS DE EMERGENCIA 911
C14: Se deberá enviar en los 10 primeros días de cada mes
C15: La información de la estadística generada en el Centro de Atención de Llamadas de Emergencia 911, es a mes vencido.
B17: INSTRUCCIONES DE LLENADO
B18: 1 | C18: Elija la Hoja que corresponda al Centro de Atencion a Llamadas de Emergencia a reportar
B19: 2 | C19: En el espacio "MES", elija el mes (vencido) de la información que se remite en el archivo electrónico al Centro Nacional de Información.
B20: 3 | C20: Ingrese en la columna "cantidad" el número total de eventos occurridos
C22: Una vez concluida su captura, guarde los cambios y envíe al correo electrónico correspondiente

Sheet Lista
C4: Estados | E4: Año | G4: Mes | I4: Administración
C5: AGUASCALIENTES | E5: 2010 | G5: Enero | I5: Estatal
C6: BAJA CALIFORNIA | E6: 2011 | G6: Febrero | I6: Municipal
C7: BAJA CALIFORNIA SUR | E7: 2012 | G7: Marzo
C8: CAMPECHE | E8: 2013 | G8: Abril
C9: COAHUILA | E9: 2014 | G9: Mayo
C10: COLIMA | E10: 2015 | G10: Junio
C11: CHIAPAS | E11: 2016 | G11: Julio
C12: CHIHUAHUA | E12: 2017 | G12: Agosto
C13: DISTRITO FEDERAL | E13: 2018 | G13: Septiembre
C14: DURANGO | G14: Octubre
C15: GUANAJUATO | G15: Noviembre
C16: GUERRERO | G16: Diciembre
C17: HIDALGO
C18: JALISCO
C19: MÉXICO
C20: MICHOACÁN
C21: MORELOS
C22: NAYARIT
C23: NUEVO LEÓN
C24: OAXACA
C25: PUEBLA
C26: QUERÉTARO
C27: QUINTANA ROO
C28: SAN LUIS POTOSÍ
... C36: ZACATECAS

Sheet Datos
A1: ENTIDAD | B1: Mes | C1: Administración
A2: Aguascalientes | B2: Enero | C2: Estatal
A3: Baja California | B3: Febrero | C3: Federal
A4: Baja California Sur | B4: Marzo
A5: Campeche | B5: Abril
A6: Coahuila de Zaragoza | B6: Mayo
A7: Colima | B7: Junio
A8: Chiapas | B8: Julio
A9: Chihuahua | B9: Agosto
A10: Distrito Federal | B10: Septiembre
A11: Durango | B11: Octubre
A12: Guanajuato | B12: Noviembre
A13: Guerrero | B13: Diciembre
A14: Hidalgo | B14: Enero
A15: Jalisco | B15: Febrero
... A25: San Luis Potosí | B25: Diciembre
A26: Sinaloa
A27: Sonora
A28: Tabasco
A29: Tamaulipas
A30: Tlaxcala
A31: Veracruz de Ignacio de la Llave
A32: Yucatán
A33: Zacatecas

Sheet RESUMEN
B4: SECRETARIA DE SEGURIDAD Y PROTECCIÓN CIUDADANA
B5: SECRETARIADO EJECUTIVO DEL SISTEMA NACIONAL DE SEGURIDAD PUBLICA
B6: CENTRO NACIONAL DE INFORMACIÓN
A8: RESUMEN ESTATAL DE LLAMADAS DE EMERGENCIA
B10: Nombre de la Entidad Federativa: | C10: Morelos
B11: Año: | C11: 2026
B12: Mes: | C12: Junio
B13: Total de Llamadas: | C13: =A16+B16+C16+D16+E16+F16+G16 -> 37032
A15: Total de Llamadas por Tipo Médico | B15: Total de Llamadas por Tipo Protección Civil | C15: Total de Llamadas por Tipo Seguridad | D15: Total de Llamadas por Tipo Servicios Públicos | E15: Total de Llamadas por Tipo Asistencia | F15: Total de Llamadas por Tipo Otros Servicios | G15: Total de Llamadas por Tipo Improcedentes
A16: =SUM('C01'!D20:'C01'!D79,'C02'!D20:'C02'!D79) -> 2303 | B16: =SUM('C01'!D80:'C01'!D122,'C02'!D80:'C02'!D122) -> 599 | C16: =SUM('C01'!D123:'C01'!D263,'C02'!D123:'C02'!D263) -> 7801 | D16: =SUM('C01'!D264:D273,'C02'!D264:D273) -> 185 | E16: =SUM('C01'!D274:'C01'!D290,'C02'!D274:'C02'!D290) -> 6080 | F16: =SUM('C01'!D291:'C01'!D293,'C02'!D291:'C02'!D293) -> 42 | G16: =SUM('C01'!D294:'C01'!D301,'C02'!D294:'C02'!D301) -> 20022
A19: Porcentaje de Llamadas por tipo Médico | B19: Porcentaje de Llamadas por Tipo Protección Civil | C19: Porcentaje de Llamadas por Tipo Seguridad | D19: Porcentaje de Llamadas por Tipo Servicios Públicos | E19: Porcentaje de Llamadas por Tipo Asistencia | F19: Porcentaje de Llamadas por Tipo Otros Servicios | G19: Porcentaje de Llamadas por Tipo Improcedentes
A20: =IFERROR(A16/$C$13,0) -> 0.062189458 | B20: =IFERROR(B16/$C$13,0) -> 0.0161752 | C20: =IFERROR(C16/$C$13,0) -> 0.21065565 | D20: =IFERROR(D16/$C$13,0) -> 0.0049956794 | E20: =IFERROR(E16/$C$13,0) -> 0.16418233 | F20: =IFERROR(F16/$C$13,0) -> 0.0011341542 | G20: =IFERROR(G16/$C$13,0) -> 0.54066753

Sheet C01
B6: SECRETARIA DE SEGURIDAD Y PROTECCIÓN CIUDADANA
B7: SECRETARIADO EJECUTIVO DEL SISTEMA NACIONAL DE SEGURIDAD PUBLICA
B8: CENTRO NACIONAL DE INFORMACIÓN
B10: (FORMATO ELECTRÓNICO FESE V.2.0)
C12: Nombre de la Entidad Federativa: | D12: =RESUMEN!C10 -> Morelos
C13: Año: | D13: =RESUMEN!C11 -> 2026
C14: Mes: | D14: =RESUMEN!C12 -> Junio
B16: CENTRO DE ATENCIÓN DE LLAMADAS DE EMERGENCIAS
B17: Tipo de Administración: | D17: Estatal
B18: Nombre del Centro: | D18: Emiliano Zapata
B19: ID | C19: Incidente | D19: Cantidad
B20: 10101 | C20: ACCIDENTE ACUÁTICO CON LESIONADOS | D20: 0
B21: 10102 | C21: ACCIDENTE DE AERONAVE CON LESIONADOS | D21: 0
B22: 10103 | C22: ACCIDENTE DE MOTOCICLETA CON LESIONADOS | D22: 155
B23: 10104 | C23: ACCIDENTE DE VEHÍCULO AUTOMOTOR CON LESIONADOS | D23: 309
B24: 10105 | C24: ACCIDENTE FERROVIARIO CON LESIONADOS | D24: 0
B25: 10106 | C25: ACCIDENTE FERROVIARIO CON FALLECIDO | D25: 0
B26: 10107 | C26: ACCIDENTE MÚLTIPLE CON LESIONADOS | D26: 7
B27: 10108 | C27: ACCIDENTE MÚLTIPLE CON FALLECIDO | D27: 1
B28: 10109 | C28: ACCIDENTE DE VEHÍCULO DE PASAJEROS CON LESIONADOS | D28: 2
B29: 10110 | C29: ACCIDENTE DE VEHÍCULO DE PASAJEROS CON FALLECIDO | D29: 0
B30: 10111 | C30: ACCIDENTE DE MOTOCICLETA CON FALLECIDO | D30: 3
B31: 10112 | C31: ACCIDENTE DE VEHÍCULO AUTOMOTOR CON FALLECIDO | D31: 0
... B301: 70108 | C301: OTRAS LLAMADAS DE NO EMERGENCIA | D301: 0
B302: Total | D302: 25510

Sheet C02
B6: SECRETARIA DE SEGURIDAD Y PROTECCIÓN CIUDADANA
B7: SECRETARIADO EJECUTIVO DEL SISTEMA NACIONAL DE SEGURIDAD PUBLICA
B8: CENTRO NACIONAL DE INFORMACIÓN
B10: (FORMATO ELECTRÓNICO FESE V.2.0)
C12: Nombre de la Entidad Federativa: | D12: =RESUMEN!C10 -> Morelos
C13: Año: | D13: =RESUMEN!C11 -> 2026
C14: Mes: | D14: =RESUMEN!C12 -> Junio
B16: CENTRO DE ATENCIÓN DE LLAMADAS DE EMERGENCIAS
B17: Tipo de Administración: | D17: Estatal
B18: Nombre del Centro: | D18: Cuautla
B19: ID | C19: Incidente | D19: Cantidad
B20: 10101 | C20: ACCIDENTE ACUÁTICO CON LESIONADOS | D20: 0
B21: 10102 | C21: ACCIDENTE DE AERONAVE CON LESIONADOS | D21: 0
B22: 10103 | C22: ACCIDENTE DE MOTOCICLETA CON LESIONADOS | D22: 113
B23: 10104 | C23: ACCIDENTE DE VEHÍCULO AUTOMOTOR CON LESIONADOS | D23: 69
B24: 10105 | C24: ACCIDENTE FERROVIARIO CON LESIONADOS | D24: 0
B25: 10106 | C25: ACCIDENTE FERROVIARIO CON FALLECIDO | D25: 0
B26: 10107 | C26: ACCIDENTE MÚLTIPLE CON LESIONADOS | D26: 1
B27: 10108 | C27: ACCIDENTE MÚLTIPLE CON FALLECIDO | D27: 0
B28: 10109 | C28: ACCIDENTE DE VEHÍCULO DE PASAJEROS CON LESIONADOS | D28: 0
B29: 10110 | C29: ACCIDENTE DE VEHÍCULO DE PASAJEROS CON FALLECIDO | D29: 0
B30: 10111 | C30: ACCIDENTE DE MOTOCICLETA CON FALLECIDO | D30: 1
B31: 10112 | C31: ACCIDENTE DE VEHÍCULO AUTOMOTOR CON FALLECIDO | D31: 2
... B245: 31011 | C245: TRÁFICO DE MADERA | D245: 0
B246: 31012 | C246: 1 | D246: 2
B247: 31013 | C247: TRÁFICO DE DROGAS Y ESTUPEFACIENTES EN LA MAR | D247: 0
B248: 31014 | C248: TRÁFICO DE DROGAS Y ESTUPEFACIENTES EN VÍA PÚBLICA | D248: 0
B249: 31015 | C249: OTROS ACTOS RELACIONADOS CON OTROS BIENES JURÍDICOS | D249: 0
B250: 31101 | C250: ALTERACIÓN DEL ORDEN PÚBLICO POR PERSONA ALCOHOLIZADA | D250: 138
B251: 31102 | C251: ALTERACIÓN DEL ORDEN PÚBLICO POR PERSONA DROGADA | D251: 43
B252: 31103 | C252: CONDUCTOR EBRIO | D252: 16
B253: 31104 | C253: CONSUMO DE ALCOHOL EN VÍA PÚBLICA | D253: 4
B254: 31105 | C254: CONSUMO DE DROGAS EN VÍA PÚBLICA | D254: 8
B255: 31106 | C255: CONSUMO DE ALCOHOL EN ESCUELA | D255: 0
B256: 31107 | C256: CONSUMO DE DROGAS EN ESCUELA | D256: 0
B257: 31108 | C257: GRAFITIS | D257: 1
B258: 31109 | C258: MANIFESTACIÓN CON DISTURBIOS O BLOQUEOS | D258: 1
... B301: 70108 | C301: OTRAS LLAMADAS DE NO EMERGENCIA | D301: 0
B302: Total | D302: 11522
