Workbook

Sheet PORTADA
B2: |
B12: Formato electrónico FESE (Formato Estadístico de los Servicios de Emergencia)para el reporte estadístico mensual del número de llamadas generadas en el Servicio de Atención de Llamadas de Emergencia
K38: Centro Nacional de Información
K39: Secretariado Ejecutivo del Sistema Nacional de Seguridad Pública
K41: 2022

Sheet PRESENTACIÓN
B7: CENTRO NACIONAL DE INFORMACIÓN
B8: PRESENTACIÓN
B9: REPORTE ESTADÍSTICO MENSUAL DEL NÚMERO DE LLAMADAS GENERADAS EN EL SERVICIO DE ATENCIÓN DE LLAMADAS DE EMERGENCIA 911
B10: (FORMATO ELECTRÓNICO FESE)
B12: OBJETIVO
B13: Integrar, análizar y explotar la información generada de los tipos de incidentes de los Centros de Atención de Llamadas de Emergencia 9-1-1 que operan a nivel nacional.
B17: Ley General del Sistema Nacional de Seguridad Pública
B18: Artículo 111.- La Federación, los Estados, el Distrito Federal y los Municipios, realizarán los trabajos para lograr la compatibilidad de los servicios de telecomunicaciones de su Red Local correspondiente, con las bases de datos criminalísticos y de personal del Sistema, previstas en la presente Ley. El servicio de llamadas de emergencia y el servicio de denuncia anónima operarán con un número único de atención a la ciudadanía. El Secretario Ejecutivo adoptará las medidas necesarias para la homologación de los servicios.”
B24: Acuerdo Nacional por la Seguridad, la Justicia y la Legalidad
B25: 10/XXXVII/14. El Consejo Nacional de Seguridad Pública aprueba la consolidación de un servicio homologado para la atención de llamadas de emergencia en todo el país, que opere de manera estandarizada a nivel nacional, reduzca los tiempos de atención y mejore la calidad del servicio prestado a la ciudadanía. Para ello, se instruye al Secretariado Ejecutivo del Sistema Nacional de Seguridad Pública a realizar un diagnóstico a nivel nacional y, con base en éste, diseñar el programa que definirá las acciones y metas que las autoridades de los tres órdenes de gobierno deberán de cumplir a fin de ejecutar dicho acuerdo, así como las etapas y tiempos para la homologación del servicio y la desaparición progresiva de los números de atención de emergencia actuales. Acuerdo 12/XXXVIII/15. Catálogo Nacional de Incidentes de Emergencia e integración de Base Nacional. En el marco del Acuerdo 10/XXXVII/14, el Consejo Nacional de Seguridad Pública aprueba el Catálogo Nacional de Incidentes de Emergencia y su implementación obligatoria en los Servicios de Atención de Llamadas de Emergencia a nivel nacional, con base en los términos y plazos que determine el Secretariado Ejecutivo del Sistema Nacional de Seguridad Pública. Asimismo, se instruye a los responsables de los Servicios de Atención de Llamadas de Emergencia, a que proporcionen al Secretariado Ejecutivo del Sistema Nacional de Seguridad Pública, información periódica sobre sus incidentes, con base en dicho Catálogo.
B39: Acuerdos aprobados por el Consejo Nacional de Seguridad Pública en su Trigésima Primera Sesión.
B40: Acuerdo 03/XXXVIII/15. Programas con Prioridad Nacional. El Consejo Nacional de Seguridad Pública aprueba “Los Ejes Estratégicos del Sistema Nacional de Seguridad Pública y su estructura, así como los Programas con Prioridad Nacional para alcanzarlos, vinculados al ejercicio del fondo, subsidios y demás recursos de carácter federal que se otorguen a las Entidades Federativas, los Municipios y Demarcaciones Territoriales del Distrito Federal, en materia de seguridad pública”.
... B52: Homologar la información sobre incidencia delictiva que generan los centros de atención de llamadas de emergencia, así como generar una base de datos nacional con información estadística.

Sheet INSTRUCCIONES
B8: CENTRO NACIONAL DE INFORMACIÓN
B9: PRESENTACIÓN
B10: REPORTE ESTADÍSTICO MENSUAL DEL NÚMERO DE LLAMADAS GENERADAS EN EL SERVICIO DE ATENCIÓN DE LLAMADAS DE EMERGENCIA 066
B11: (FORMATO ELECTRÓNICO FESE)
B13: INSTRUCTIVO
B14: REPORTE ESTADÍSTICO DEL NÚMERO DE LLAMADAS GENERADAS EN LOS SERVICIOS DE ATENCIÓN DE LLAMADAS DE EMERGENCIA 911
C15: Se deberá enviar en los 10 primeros días de cada mes
C16: La información de la estadística generada en el Centro de Atención de Llamadas de Emergencia 911, es a mes vencido.
B18: INSTRUCCIONES DE LLENADO
B19: 1 | C19: Elija la Hoja que corresponda al Centro de Atencion a Llamadas de Emergencia a reportar
B20: 2 | C20: En el espacio "MES", elija el mes (vencido) de la información que se remite en el archivo electrónico al Centro Nacional de Información.
B21: 3 | C21: Ingrese en la columna "cantidad" el número total de eventos occurridos
C23: Una vez concluida su captura, guarde los cambios y envíe al correo electrónico correspondiente

Sheet Lista
C4: Estados | E4: Año | G4: Mes | I4: Administración
C5: AGUASCALIENTES | E5: 2010 | G5: Enero | I5: Estatal
C6: BAJA CALIFORNIA | E6: 2011 | G6: Febrero | I6: Municipal
C7: BAJA CALIFORNIA SUR | E7: 2012 | G7: Marzo
C8: CAMPECHE | E8: 2013 | G8: Abril
C9: COAHUILA | E9: 2014 | G9: Mayo
C10: COLIMA | E10: 2015 | G10: Junio
C11: CHIAPAS | E11: 2016 | G11: Julio
C12: CHIHUAHUA | E12: 2017 | G12: Agosto
C13: DISTRITO FEDERAL | E13: 2018 | G13: Septiembre
C14: DURANGO | G14: Octubre
C15: GUANAJUATO | G15: Noviembre
C16: GUERRERO | G16: Diciembre
C17: HIDALGO
C18: JALISCO
C19: MÉXICO
C20: MICHOACÁN
C21: MORELOS
C22: NAYARIT
C23: NUEVO LEÓN
C24: OAXACA
C25: PUEBLA
C26: QUERÉTARO
C27: QUINTANA ROO
C28: SAN LUIS POTOSÍ
... C36: ZACATECAS

Sheet Datos
A1: ENTIDAD | B1: Mes | C1: Administración
A2: Aguascalientes | B2: Enero | C2: Estatal
A3: Baja California | B3: Febrero | C3: Federal
A4: Baja California Sur | B4: Marzo
A5: Campeche | B5: Abril
A6: Coahuila de Zaragoza | B6: Mayo
A7: Colima | B7: Junio
A8: Chiapas | B8: Julio
A9: Chihuahua | B9: Agosto
A10: Distrito Federal | B10: Septiembre
A11: Durango | B11: Octubre
A12: Guanajuato | B12: Noviembre
A13: Guerrero | B13: Diciembre
A14: Hidalgo | B14: Enero
A15: Jalisco | B15: Febrero
... A25: San Luis Potosí | B25: Diciembre
A26: Sinaloa
A27: Sonora
A28: Tabasco
A29: Tamaulipas
A30: Tlaxcala
A31: Veracruz de Ignacio de la Llave
A32: Yucatán
A33: Zacatecas

Sheet RESUMEN
B4: SECRETARIA DE SEGURIDAD Y PROTECCIÓN CIUDADANA
B5: SECRETARIADO EJECUTIVO DEL SISTEMA NACIONAL DE SEGURIDAD PUBLICA
B6: CENTRO NACIONAL DE INFORMACIÓN
A8: RESUMEN ESTATAL DE LLAMADAS DE EMERGENCIA
B10: Nombre de la Entidad Federativa: | C10: Querétaro
B11: Año: | C11: 2025
B12: Mes: | C12: Junio
B13: Total de Llamadas: | C13: =A16+B16+C16+D16+E16+F16+G16 -> 107566
A15: Total de Llamadas por Tipo Médico | B15: Total de Llamadas por Tipo Protección Civil | C15: Total de Llamadas por Tipo Seguridad | D15: Total de Llamadas por Tipo Servicios Públicos | E15: Total de Llamadas por Tipo Asistencia | F15: Total de Llamadas por Tipo Otros Servicios | G15: Total de Llamadas por Tipo Improcedentes
A16: =SUM('C01'!D20:'C01'!D79,'C02'!D20:'C02'!D79,'C03'!D20:'C03'!D79,'C04'!D20:'C04'!D79,'C05'!D20:'C05'!D79,'C06'!D20:'C06'!D79,'C07'!D20:'C07'!D79,'C08'!D20:'C08'!D79,'C09'!D20:'C09'!D79,'C010'!D20:'C010'!D79,'C011'!D20:'C011'!D79,'C012'!D20:'C012'!D79,'C013'!D20:'C013'!D79,'C014'!D20:'C014'!D79,'C015'!D20:'C015'!D79,'C016'!D20:'C016'!D79,'C017'!D20:'C017'!D79,'C018'!D20:'C018'!D79,'C019'!D20:'C019'!D79) -> 5432 | B16: =SUM('C01'!D80:'C01'!D122,'C02'!D80:'C02'!D122,'C03'!D80:'C03'!D122,'C04'!D80:'C04'!D122,'C05'!D80:'C05'!D122,'C06'!D80:'C06'!D122,'C07'!D80:'C07'!D122,'C08'!D80:'C08'!D122,'C09'!D80:'C09'!D122,'C010'!D80:'C010'!D122,'C011'!D80:'C011'!D122,'C012'!D80:'C012'!D122,'C013'!D80:'C013'!D122,'C014'!D80:'C014'!D122,'C015'!D80:'C015'!D122,'C016'!D80:'C016'!D122,'C017'!D80:'C017'!D122,'C018'!D80:'C018'!D122,'C019'!D80:'C019'!D122) -> 2758 | C16: =SUM('C01'!D123:'C01'!D263,'C02'!D123:'C02'!D263,'C03'!D123:'C03'!D263,'C04'!D123:'C04'!D263,'C05'!D123:'C05'!D263,'C06'!D123:'C06'!D263,'C07'!D123:'C07'!D263,'C08'!D123:'C08'!D263,'C09'!D123:'C09'!D263,'C010'!D123:'C010'!D263,'C011'!D123:'C011'!D263,'C012'!D123:'C012'!D263,'C013'!D123:'C013'!D263,'C014'!D123:'C014'!D263,'C015'!D123:'C015'!D263,'C016'!D123:'C016'!D263,'C017'!D123:'C017'!D263,'C018'!D123:'C018'!D263,'C019'!D123:'C019'!D263) -> 27991 | D16: =SUM('C01'!D264:D273,'C02'!D264:D273,'C03'!D264:D273,'C04'!D264:D273,'C05'!D264:D273,'C06'!D264:D273,'C07'!D264:D273,'C08'!D264:D273,'C09'!D264:D273,'C010'!D264:D273,'C011'!D264:D273,'C012'!D264:D273,'C013'!D264:D273,'C014'!D264:D273,'C015'!D264:D273,'C016'!D264:D273,'C017'!D264:D273,'C018'!D264:D273,'C019'!D264:D273) -> 1005 | E16: =SUM('C01'!D274:'C01'!D290,'C02'!D274:'C02'!D290,'C03'!D274:'C03'!D290,'C04'!D274:'C04'!D290,'C05'!D274:'C05'!D290,'C06'!D274:'C06'!D290,'C07'!D274:'C07'!D290,'C08'!D274:'C08'!D290,'C09'!D274:'C09'!D290,'C010'!D274:'C010'!D290,'C011'!D274:'C011'!D290,'C012'!D274:'C012'!D290,'C013'!D274:'C013'!D290,'C014'!D274:'C014'!D290,'C015'!D274:'C015'!D290,'C016'!D274:'C016'!D290,'C017'!D274:'C017'!D290,'C018'!D274:'C018'!D290,'C019'!D274:'C019'!D290) -> 4718 | F16: =SUM('C01'!D291:'C01'!D293,'C02'!D291:'C02'!D293,'C03'!D291:'C03'!D293,'C04'!D291:'C04'!D293,'C05'!D291:'C05'!D293,'C06'!D291:'C06'!D293,'C07'!D291:'C07'!D293, 'C08'!D291:'C08'!D293,'C09'!D291:'C09'!D293,'C010'!D291:'C010'!D293,'C011'!D291:'C011'!D293,'C012'!D291:'C012'!D293,'C013'!D291:'C013'!D293,'C014'!D291:'C014'!D293,'C015'!D291:'C015'!D293,'C016'!D291:'C016'!D293,'C017'!D291:'C017'!D293,'C018'!D291:'C018'!D293,'C019'!D291:'C019'!D293) -> 1097 | G16: =SUM('C01'!D294:'C01'!D301,'C02'!D294:'C02'!D301,'C03'!D294:'C03'!D301,'C04'!D294:'C04'!D301,'C05'!D294:'C05'!D301,'C06'!D294:'C06'!D301,'C07'!D294:'C07'!D301,'C08'!D294:'C08'!D301,'C09'!D294:'C09'!D301,'C010'!D294:'C010'!D301,'C011'!D294:'C011'!D301,'C012'!D294:'C012'!D301,'C013'!D294:'C013'!D301,'C014'!D294:'C014'!D301,'C015'!D294:'C015'!D301,'C016'!D294:'C016'!D301,'C017'!D294:'C017'!D301,'C018'!D294:'C018'!D301,'C019'!D294:'C019'!D301) -> 64565
A19: Porcentaje de Llamadas por tipo Médico | B19: Porcentaje de Llamadas por Tipo Protección Civil | C19: Porcentaje de Llamadas por Tipo Seguridad | D19: Porcentaje de Llamadas por Tipo Servicios Públicos | E19: Porcentaje de Llamadas por Tipo Asistencia | F19: Porcentaje de Llamadas por Tipo Otros Servicios | G19: Porcentaje de Llamadas por Tipo Improcedentes
A20: =IFERROR(A16/$C$13,0) -> 0.050499228 | B20: =IFERROR(B16/$C$13,0) -> 0.025640072 | C20: =IFERROR(C16/$C$13,0) -> 0.26022163 | D20: =IFERROR(D16/$C$13,0) -> 0.009343101 | E20: =IFERROR(E16/$C$13,0) -> 0.043861443 | F20: =IFERROR(F16/$C$13,0) -> 0.01019839 | G20: =IFERROR(G16/$C$13,0) -> 0.60023613

Sheet C01
B6: SECRETARIA DE SEGURIDAD Y PROTECCIÓN CIUDADANA
B7: SECRETARIADO EJECUTIVO DEL SISTEMA NACIONAL DE SEGURIDAD PUBLICA
B8: CENTRO NACIONAL DE INFORMACIÓN
B10: (FORMATO ELECTRÓNICO FESE V.2.0)
C12: Nombre de la Entidad Federativa: | D12: =RESUMEN!C10 -> Querétaro
C13: Año: | D13: =RESUMEN!C11 -> 2025
C14: Mes: | D14: =RESUMEN!C12 -> Junio
B16: CENTRO DE ATENCIÓN DE LLAMADAS DE EMERGENCIAS
B17: Tipo de Administración: | D17: Estatal
B18: Nombre del Centro: | D18: C4 Querétaro
B19: ID | C19: Incidente | D19: Cantidad
B20: 10101 | C20: ACCIDENTE ACUÁTICO CON LESIONADOS | D20: 0
B21: 10102 | C21: ACCIDENTE DE AERONAVE CON LESIONADOS | D21: 0
B22: 10103 | C22: ACCIDENTE DE MOTOCICLETA CON LESIONADOS | D22: 70
B23: 10104 | C23: ACCIDENTE DE VEHÍCULO AUTOMOTOR CON LESIONADOS | D23: 117
B24: 10105 | C24: ACCIDENTE FERROVIARIO CON LESIONADOS | D24: 0
B25: 10106 | C25: ACCIDENTE FERROVIARIO CON FALLECIDO | D25: 0
B26: 10107 | C26: ACCIDENTE MÚLTIPLE CON LESIONADOS | D26: 6
B27: 10108 | C27: ACCIDENTE MÚLTIPLE CON FALLECIDO | D27: 0
B28: 10109 | C28: ACCIDENTE DE VEHÍCULO DE PASAJEROS CON LESIONADOS | D28: 1
B29: 10110 | C29: ACCIDENTE DE VEHÍCULO DE PASAJEROS CON FALLECIDO | D29: 0
B30: 10111 | C30: ACCIDENTE DE MOTOCICLETA CON FALLECIDO | D30: 2
B31: 10112 | C31: ACCIDENTE DE VEHÍCULO AUTOMOTOR CON FALLECIDO | D31: 1
... B301: 70108 | C301: OTRAS LLAMADAS DE NO EMERGENCIA | D301: 451
B302: Total | D302: =SUM(D20:D301) -> 8775

Sheet C02
B6: SECRETARIA DE SEGURIDAD Y PROTECCIÓN CIUDADANA
B7: SECRETARIADO EJECUTIVO DEL SISTEMA NACIONAL DE SEGURIDAD PUBLICA
B8: CENTRO NACIONAL DE INFORMACIÓN
B10: (FORMATO ELECTRÓNICO FESE V.2.0)
C12: Nombre de la Entidad Federativa: | D12: =RESUMEN!C10 -> Querétaro
C13: Año: | D13: =RESUMEN!C11 -> 2025
C14: Mes: | D14: =RESUMEN!C12 -> Junio
B16: CENTRO DE ATENCIÓN DE LLAMADAS DE EMERGENCIAS
B17: Tipo de Administración: | D17: Municipal
B18: Nombre del Centro: | D18: Amealco de Bonfil
B19: ID | C19: Incidente | D19: Cantidad
B20: 10101 | C20: ACCIDENTE ACUÁTICO CON LESIONADOS | D20: 0
B21: 10102 | C21: ACCIDENTE DE AERONAVE CON LESIONADOS | D21: 0
B22: 10103 | C22: ACCIDENTE DE MOTOCICLETA CON LESIONADOS | D22: 0
B23: 10104 | C23: ACCIDENTE DE VEHÍCULO AUTOMOTOR CON LESIONADOS | D23: 4
B24: 10105 | C24: ACCIDENTE FERROVIARIO CON LESIONADOS | D24: 0
B25: 10106 | C25: ACCIDENTE FERROVIARIO CON FALLECIDO | D25: 0
B26: 10107 | C26: ACCIDENTE MÚLTIPLE CON LESIONADOS | D26: 0
B27: 10108 | C27: ACCIDENTE MÚLTIPLE CON FALLECIDO | D27: 0
B28: 10109 | C28: ACCIDENTE DE VEHÍCULO DE PASAJEROS CON LESIONADOS | D28: 0
B29: 10110 | C29: ACCIDENTE DE VEHÍCULO DE PASAJEROS CON FALLECIDO | D29: 0
B30: 10111 | C30: ACCIDENTE DE MOTOCICLETA CON FALLECIDO | D30: 0
B31: 10112 | C31: ACCIDENTE DE VEHÍCULO AUTOMOTOR CON FALLECIDO | D31: 0
... B301: 70108 | C301: OTRAS LLAMADAS DE NO EMERGENCIA | D301: 0
B302: Total | D302: =SUM(D20:D301) -> 2051

Sheet C03
B6: SECRETARIA DE SEGURIDAD Y PROTECCIÓN CIUDADANA
B7: SECRETARIADO EJECUTIVO DEL SISTEMA NACIONAL DE SEGURIDAD PUBLICA
B8: CENTRO NACIONAL DE INFORMACIÓN
B10: (FORMATO ELECTRÓNICO FESE V.2.0)
C12: Nombre de la Entidad Federativa: | D12: =RESUMEN!C10 -> Querétaro
C13: Año: | D13: =RESUMEN!C11 -> 2025
C14: Mes: | D14: =RESUMEN!C12 -> Junio
B16: CENTRO DE ATENCIÓN DE LLAMADAS DE EMERGENCIAS
B17: Tipo de Administración: | D17: Municipal
B18: Nombre del Centro: | D18: Arroyo Seco
B19: ID | C19: Incidente | D19: Cantidad
B20: 10101 | C20: ACCIDENTE ACUÁTICO CON LESIONADOS | D20: 0
B21: 10102 | C21: ACCIDENTE DE AERONAVE CON LESIONADOS | D21: 0
B22: 10103 | C22: ACCIDENTE DE MOTOCICLETA CON LESIONADOS | D22: 1
B23: 10104 | C23: ACCIDENTE DE VEHÍCULO AUTOMOTOR CON LESIONADOS | D23: 1
B24: 10105 | C24: ACCIDENTE FERROVIARIO CON LESIONADOS | D24: 0
B25: 10106 | C25: ACCIDENTE FERROVIARIO CON FALLECIDO | D25: 0
B26: 10107 | C26: ACCIDENTE MÚLTIPLE CON LESIONADOS | D26: 0
B27: 10108 | C27: ACCIDENTE MÚLTIPLE CON FALLECIDO | D27: 0
B28: 10109 | C28: ACCIDENTE DE VEHÍCULO DE PASAJEROS CON LESIONADOS | D28: 0
B29: 10110 | C29: ACCIDENTE DE VEHÍCULO DE PASAJEROS CON FALLECIDO | D29: 0
B30: 10111 | C30: ACCIDENTE DE MOTOCICLETA CON FALLECIDO | D30: 0
B31: 10112 | C31: ACCIDENTE DE VEHÍCULO AUTOMOTOR CON FALLECIDO | D31: 0
... B301: 70108 | C301: OTRAS LLAMADAS DE NO EMERGENCIA | D301: 0
B302: Total | D302: =SUM(D20:D301) -> 224

Sheet C04
B6: SECRETARIA DE SEGURIDAD Y PROTECCIÓN CIUDADANA
B7: SECRETARIADO EJECUTIVO DEL SISTEMA NACIONAL DE SEGURIDAD PUBLICA
B8: CENTRO NACIONAL DE INFORMACIÓN
B10: (FORMATO ELECTRÓNICO FESE V.2.0)
C12: Nombre de la Entidad Federativa: | D12: =RESUMEN!C10 -> Querétaro
C13: Año: | D13: =RESUMEN!C11 -> 2025
C14: Mes: | D14: =RESUMEN!C12 -> Junio
B16: CENTRO DE ATENCIÓN DE LLAMADAS DE EMERGENCIAS
B17: Tipo de Administración: | D17: Municipal
B18: Nombre del Centro: | D18: Cadereyta de Montes
B19: ID | C19: Incidente | D19: Cantidad
B20: 10101 | C20: ACCIDENTE ACUÁTICO CON LESIONADOS | D20: 0
B21: 10102 | C21: ACCIDENTE DE AERONAVE CON LESIONADOS | D21: 0
B22: 10103 | C22: ACCIDENTE DE MOTOCICLETA CON LESIONADOS | D22: 3
B23: 10104 | C23: ACCIDENTE DE VEHÍCULO AUTOMOTOR CON LESIONADOS | D23: 6
B24: 10105 | C24: ACCIDENTE FERROVIARIO CON LESIONADOS | D24: 0
B25: 10106 | C25: ACCIDENTE FERROVIARIO CON FALLECIDO | D25: 0
B26: 10107 | C26: ACCIDENTE MÚLTIPLE CON LESIONADOS | D26: 0
B27: 10108 | C27: ACCIDENTE MÚLTIPLE CON FALLECIDO | D27: 0
B28: 10109 | C28: ACCIDENTE DE VEHÍCULO DE PASAJEROS CON LESIONADOS | D28: 0
B29: 10110 | C29: ACCIDENTE DE VEHÍCULO DE PASAJEROS CON FALLECIDO | D29: 0
B30: 10111 | C30: ACCIDENTE DE MOTOCICLETA CON FALLECIDO | D30: 0
B31: 10112 | C31: ACCIDENTE DE VEHÍCULO AUTOMOTOR CON FALLECIDO | D31: 0
... B301: 70108 | C301: OTRAS LLAMADAS DE NO EMERGENCIA | D301: 31
B302: Total | D302: =SUM(D20:D301) -> 1656

Sheet C05
B6: SECRETARIA DE SEGURIDAD Y PROTECCIÓN CIUDADANA
B7: SECRETARIADO EJECUTIVO DEL SISTEMA NACIONAL DE SEGURIDAD PUBLICA
B8: CENTRO NACIONAL DE INFORMACIÓN
B10: (FORMATO ELECTRÓNICO FESE V.2.0)
C12: Nombre de la Entidad Federativa: | D12: =RESUMEN!C10 -> Querétaro
C13: Año: | D13: =RESUMEN!C11 -> 2025
C14: Mes: | D14: =RESUMEN!C12 -> Junio
B16: CENTRO DE ATENCIÓN DE LLAMADAS DE EMERGENCIAS
B17: Tipo de Administración: | D17: Municipal
B18: Nombre del Centro: | D18: Colón
B19: ID | C19: Incidente | D19: Cantidad
B20: 10101 | C20: ACCIDENTE ACUÁTICO CON LESIONADOS | D20: 0
B21: 10102 | C21: ACCIDENTE DE AERONAVE CON LESIONADOS | D21: 0
B22: 10103 | C22: ACCIDENTE DE MOTOCICLETA CON LESIONADOS | D22: 1
B23: 10104 | C23: ACCIDENTE DE VEHÍCULO AUTOMOTOR CON LESIONADOS | D23: 0
B24: 10105 | C24: ACCIDENTE FERROVIARIO CON LESIONADOS | D24: 0
B25: 10106 | C25: ACCIDENTE FERROVIARIO CON FALLECIDO | D25: 0
B26: 10107 | C26: ACCIDENTE MÚLTIPLE CON LESIONADOS | D26: 0
B27: 10108 | C27: ACCIDENTE MÚLTIPLE CON FALLECIDO | D27: 0
B28: 10109 | C28: ACCIDENTE DE VEHÍCULO DE PASAJEROS CON LESIONADOS | D28: 0
B29: 10110 | C29: ACCIDENTE DE VEHÍCULO DE PASAJEROS CON FALLECIDO | D29: 0
B30: 10111 | C30: ACCIDENTE DE MOTOCICLETA CON FALLECIDO | D30: 0
B31: 10112 | C31: ACCIDENTE DE VEHÍCULO AUTOMOTOR CON FALLECIDO | D31: 0
... B301: 70108 | C301: OTRAS LLAMADAS DE NO EMERGENCIA | D301: 566
B302: Total | D302: =SUM(D20:D301) -> 2633

Sheet C06
B6: SECRETARIA DE SEGURIDAD Y PROTECCIÓN CIUDADANA
B7: SECRETARIADO EJECUTIVO DEL SISTEMA NACIONAL DE SEGURIDAD PUBLICA
B8: CENTRO NACIONAL DE INFORMACIÓN
B10: (FORMATO ELECTRÓNICO FESE V.2.0)
C12: Nombre de la Entidad Federativa: | D12: =RESUMEN!C10 -> Querétaro
C13: Año: | D13: =RESUMEN!C11 -> 2025
C14: Mes: | D14: =RESUMEN!C12 -> Junio
B16: CENTRO DE ATENCIÓN DE LLAMADAS DE EMERGENCIAS
B17: Tipo de Administración: | D17: Municipal
B18: Nombre del Centro: | D18: Corregidora
B19: ID | C19: Incidente | D19: Cantidad
B20: 10101 | C20: ACCIDENTE ACUÁTICO CON LESIONADOS | D20: 0
B21: 10102 | C21: ACCIDENTE DE AERONAVE CON LESIONADOS | D21: 0
B22: 10103 | C22: ACCIDENTE DE MOTOCICLETA CON LESIONADOS | D22: 21
B23: 10104 | C23: ACCIDENTE DE VEHÍCULO AUTOMOTOR CON LESIONADOS | D23: 13
B24: 10105 | C24: ACCIDENTE FERROVIARIO CON LESIONADOS | D24: 0
B25: 10106 | C25: ACCIDENTE FERROVIARIO CON FALLECIDO | D25: 0
B26: 10107 | C26: ACCIDENTE MÚLTIPLE CON LESIONADOS | D26: 0
B27: 10108 | C27: ACCIDENTE MÚLTIPLE CON FALLECIDO | D27: 0
B28: 10109 | C28: ACCIDENTE DE VEHÍCULO DE PASAJEROS CON LESIONADOS | D28: 0
B29: 10110 | C29: ACCIDENTE DE VEHÍCULO DE PASAJEROS CON FALLECIDO | D29: 0
B30: 10111 | C30: ACCIDENTE DE MOTOCICLETA CON FALLECIDO | D30: 0
B31: 10112 | C31: ACCIDENTE DE VEHÍCULO AUTOMOTOR CON FALLECIDO | D31: 0
... B301: 70108 | C301: OTRAS LLAMADAS DE NO EMERGENCIA | D301: 774
B302: Total | D302: =SUM(D20:D301) -> 9007

Sheet C07
B6: SECRETARIA DE SEGURIDAD Y PROTECCIÓN CIUDADANA
B7: SECRETARIADO EJECUTIVO DEL SISTEMA NACIONAL DE SEGURIDAD PUBLICA
B8: CENTRO NACIONAL DE INFORMACIÓN
B10: (FORMATO ELECTRÓNICO FESE V.2.0)
C12: Nombre de la Entidad Federativa: | D12: =RESUMEN!C10 -> Querétaro
C13: Año: | D13: =RESUMEN!C11 -> 2025
C14: Mes: | D14: =RESUMEN!C12 -> Junio
B16: CENTRO DE ATENCIÓN DE LLAMADAS DE EMERGENCIAS
B17: Tipo de Administración: | D17: Municipal
B18: Nombre del Centro: | D18: El Marqués
B19: ID | C19: Incidente | D19: Cantidad
B20: 10101 | C20: ACCIDENTE ACUÁTICO CON LESIONADOS | D20: 0
B21: 10102 | C21: ACCIDENTE DE AERONAVE CON LESIONADOS | D21: 0
B22: 10103 | C22: ACCIDENTE DE MOTOCICLETA CON LESIONADOS | D22: 22
B23: 10104 | C23: ACCIDENTE DE VEHÍCULO AUTOMOTOR CON LESIONADOS | D23: 31
B24: 10105 | C24: ACCIDENTE FERROVIARIO CON LESIONADOS | D24: 0
B25: 10106 | C25: ACCIDENTE FERROVIARIO CON FALLECIDO | D25: 0
B26: 10107 | C26: ACCIDENTE MÚLTIPLE CON LESIONADOS | D26: 0
B27: 10108 | C27: ACCIDENTE MÚLTIPLE CON FALLECIDO | D27: 0
B28: 10109 | C28: ACCIDENTE DE VEHÍCULO DE PASAJEROS CON LESIONADOS | D28: 3
B29: 10110 | C29: ACCIDENTE DE VEHÍCULO DE PASAJEROS CON FALLECIDO | D29: 0
B30: 10111 | C30: ACCIDENTE DE MOTOCICLETA CON FALLECIDO | D30: 0
B31: 10112 | C31: ACCIDENTE DE VEHÍCULO AUTOMOTOR CON FALLECIDO | D31: 0
... B301: 70108 | C301: OTRAS LLAMADAS DE NO EMERGENCIA | D301: 39
B302: Total | D302: =SUM(D20:D301) -> 3651

Sheet C08
B6: SECRETARIA DE SEGURIDAD Y PROTECCIÓN CIUDADANA
B7: SECRETARIADO EJECUTIVO DEL SISTEMA NACIONAL DE SEGURIDAD PUBLICA
B8: CENTRO NACIONAL DE INFORMACIÓN
B10: (FORMATO ELECTRÓNICO FESE V.2.0)
C12: Nombre de la Entidad Federativa: | D12: =RESUMEN!C10 -> Querétaro
C13: Año: | D13: =RESUMEN!C11 -> 2025
C14: Mes: | D14: =RESUMEN!C12 -> Junio
B16: CENTRO DE ATENCIÓN DE LLAMADAS DE EMERGENCIAS
B17: Tipo de Administración: | D17: Municipal
B18: Nombre del Centro: | D18: Ezequiel Montes
B19: ID | C19: Incidente | D19: Cantidad
B20: 10101 | C20: ACCIDENTE ACUÁTICO CON LESIONADOS | D20: 0
B21: 10102 | C21: ACCIDENTE DE AERONAVE CON LESIONADOS | D21: 0
B22: 10103 | C22: ACCIDENTE DE MOTOCICLETA CON LESIONADOS | D22: 0
B23: 10104 | C23: ACCIDENTE DE VEHÍCULO AUTOMOTOR CON LESIONADOS | D23: 0
B24: 10105 | C24: ACCIDENTE FERROVIARIO CON LESIONADOS | D24: 0
B25: 10106 | C25: ACCIDENTE FERROVIARIO CON FALLECIDO | D25: 0
B26: 10107 | C26: ACCIDENTE MÚLTIPLE CON LESIONADOS | D26: 0
B27: 10108 | C27: ACCIDENTE MÚLTIPLE CON FALLECIDO | D27: 0
B28: 10109 | C28: ACCIDENTE DE VEHÍCULO DE PASAJEROS CON LESIONADOS | D28: 0
B29: 10110 | C29: ACCIDENTE DE VEHÍCULO DE PASAJEROS CON FALLECIDO | D29: 0
B30: 10111 | C30: ACCIDENTE DE MOTOCICLETA CON FALLECIDO | D30: 0
B31: 10112 | C31: ACCIDENTE DE VEHÍCULO AUTOMOTOR CON FALLECIDO | D31: 0
... B301: 70108 | C301: OTRAS LLAMADAS DE NO EMERGENCIA | D301: 0
B302: Total | D302: =SUM(D20:D301) -> 2555

Sheet C09
B6: SECRETARIA DE SEGURIDAD Y PROTECCIÓN CIUDADANA
B7: SECRETARIADO EJECUTIVO DEL SISTEMA NACIONAL DE SEGURIDAD PUBLICA
B8: CENTRO NACIONAL DE INFORMACIÓN
B10: (FORMATO ELECTRÓNICO FESE V.2.0)
C12: Nombre de la Entidad Federativa: | D12: =RESUMEN!C10 -> Querétaro
C13: Año: | D13: =RESUMEN!C11 -> 2025
C14: Mes: | D14: =RESUMEN!C12 -> Junio
B16: CENTRO DE ATENCIÓN DE LLAMADAS DE EMERGENCIAS
B17: Tipo de Administración: | D17: Municipal
B18: Nombre del Centro: | D18: Huimilpan
B19: ID | C19: Incidente | D19: Cantidad
B20: 10101 | C20: ACCIDENTE ACUÁTICO CON LESIONADOS | D20: 0
B21: 10102 | C21: ACCIDENTE DE AERONAVE CON LESIONADOS | D21: 0
B22: 10103 | C22: ACCIDENTE DE MOTOCICLETA CON LESIONADOS | D22: 1
B23: 10104 | C23: ACCIDENTE DE VEHÍCULO AUTOMOTOR CON LESIONADOS | D23: 5
B24: 10105 | C24: ACCIDENTE FERROVIARIO CON LESIONADOS | D24: 0
B25: 10106 | C25: ACCIDENTE FERROVIARIO CON FALLECIDO | D25: 0
B26: 10107 | C26: ACCIDENTE MÚLTIPLE CON LESIONADOS | D26: 0
B27: 10108 | C27: ACCIDENTE MÚLTIPLE CON FALLECIDO | D27: 0
B28: 10109 | C28: ACCIDENTE DE VEHÍCULO DE PASAJEROS CON LESIONADOS | D28: 0
B29: 10110 | C29: ACCIDENTE DE VEHÍCULO DE PASAJEROS CON FALLECIDO | D29: 0
B30: 10111 | C30: ACCIDENTE DE MOTOCICLETA CON FALLECIDO | D30: 0
B31: 10112 | C31: ACCIDENTE DE VEHÍCULO AUTOMOTOR CON FALLECIDO | D31: 0
... B301: 70108 | C301: OTRAS LLAMADAS DE NO EMERGENCIA | D301: 0
B302: Total | D302: =SUM(D20:D301) -> 556

Sheet C010
B6: SECRETARIA DE SEGURIDAD Y PROTECCIÓN CIUDADANA
B7: SECRETARIADO EJECUTIVO DEL SISTEMA NACIONAL DE SEGURIDAD PUBLICA
B8: CENTRO NACIONAL DE INFORMACIÓN
B10: (FORMATO ELECTRÓNICO FESE V.2.0)
C12: Nombre de la Entidad Federativa: | D12: =RESUMEN!C10 -> Querétaro
C13: Año: | D13: =RESUMEN!C11 -> 2025
C14: Mes: | D14: =RESUMEN!C12 -> Junio
B16: CENTRO DE ATENCIÓN DE LLAMADAS DE EMERGENCIAS
B17: Tipo de Administración: | D17: Municipal
B18: Nombre del Centro: | D18: Jalpan de Serra
B19: ID | C19: Incidente | D19: Cantidad
B20: 10101 | C20: ACCIDENTE ACUÁTICO CON LESIONADOS | D20: 0
B21: 10102 | C21: ACCIDENTE DE AERONAVE CON LESIONADOS | D21: 0
B22: 10103 | C22: ACCIDENTE DE MOTOCICLETA CON LESIONADOS | D22: 1
B23: 10104 | C23: ACCIDENTE DE VEHÍCULO AUTOMOTOR CON LESIONADOS | D23: 5
B24: 10105 | C24: ACCIDENTE FERROVIARIO CON LESIONADOS | D24: 0
B25: 10106 | C25: ACCIDENTE FERROVIARIO CON FALLECIDO | D25: 0
B26: 10107 | C26: ACCIDENTE MÚLTIPLE CON LESIONADOS | D26: 0
B27: 10108 | C27: ACCIDENTE MÚLTIPLE CON FALLECIDO | D27: 0
B28: 10109 | C28: ACCIDENTE DE VEHÍCULO DE PASAJEROS CON LESIONADOS | D28: 0
B29: 10110 | C29: ACCIDENTE DE VEHÍCULO DE PASAJEROS CON FALLECIDO | D29: 0
B30: 10111 | C30: ACCIDENTE DE MOTOCICLETA CON FALLECIDO | D30: 0
B31: 10112 | C31: ACCIDENTE DE VEHÍCULO AUTOMOTOR CON FALLECIDO | D31: 0
... B301: 70108 | C301: OTRAS LLAMADAS DE NO EMERGENCIA | D301: 20
B302: Total | D302: =SUM(D20:D301) -> 619

Sheet C011
B6: SECRETARIA DE SEGURIDAD Y PROTECCIÓN CIUDADANA
B7: SECRETARIADO EJECUTIVO DEL SISTEMA NACIONAL DE SEGURIDAD PUBLICA
B8: CENTRO NACIONAL DE INFORMACIÓN
B10: (FORMATO ELECTRÓNICO FESE V.2.0)
C12: Nombre de la Entidad Federativa: | D12: =RESUMEN!C10 -> Querétaro
C13: Año: | D13: =RESUMEN!C11 -> 2025
C14: Mes: | D14: =RESUMEN!C12 -> Junio
B16: CENTRO DE ATENCIÓN DE LLAMADAS DE EMERGENCIAS
B17: Tipo de Administración: | D17: Municipal
B18: Nombre del Centro: | D18: Landa de Matamoros
B19: ID | C19: Incidente | D19: Cantidad
B20: 10101 | C20: ACCIDENTE ACUÁTICO CON LESIONADOS | D20: 0
B21: 10102 | C21: ACCIDENTE DE AERONAVE CON LESIONADOS | D21: 0
B22: 10103 | C22: ACCIDENTE DE MOTOCICLETA CON LESIONADOS | D22: 0
B23: 10104 | C23: ACCIDENTE DE VEHÍCULO AUTOMOTOR CON LESIONADOS | D23: 1
B24: 10105 | C24: ACCIDENTE FERROVIARIO CON LESIONADOS | D24: 0
B25: 10106 | C25: ACCIDENTE FERROVIARIO CON FALLECIDO | D25: 0
B26: 10107 | C26: ACCIDENTE MÚLTIPLE CON LESIONADOS | D26: 0
B27: 10108 | C27: ACCIDENTE MÚLTIPLE CON FALLECIDO | D27: 0
B28: 10109 | C28: ACCIDENTE DE VEHÍCULO DE PASAJEROS CON LESIONADOS | D28: 0
B29: 10110 | C29: ACCIDENTE DE VEHÍCULO DE PASAJEROS CON FALLECIDO | D29: 0
B30: 10111 | C30: ACCIDENTE DE MOTOCICLETA CON FALLECIDO | D30: 0
B31: 10112 | C31: ACCIDENTE DE VEHÍCULO AUTOMOTOR CON FALLECIDO | D31: 0
... B301: 70108 | C301: OTRAS LLAMADAS DE NO EMERGENCIA | D301: 0
B302: Total | D302: =SUM(D20:D301) -> 541

Sheet C012
B6: SECRETARIA DE SEGURIDAD Y PROTECCIÓN CIUDADANA
B7: SECRETARIADO EJECUTIVO DEL SISTEMA NACIONAL DE SEGURIDAD PUBLICA
B8: CENTRO NACIONAL DE INFORMACIÓN
B10: (FORMATO ELECTRÓNICO FESE V.2.0)
C12: Nombre de la Entidad Federativa: | D12: =RESUMEN!C10 -> Querétaro
C13: Año: | D13: =RESUMEN!C11 -> 2025
C14: Mes: | D14: =RESUMEN!C12 -> Junio
B16: CENTRO DE ATENCIÓN DE LLAMADAS DE EMERGENCIAS
B17: Tipo de Administración: | D17: Municipal
B18: Nombre del Centro: | D18: Pedro Escobedo
B19: ID | C19: Incidente | D19: Cantidad
B20: 10101 | C20: ACCIDENTE ACUÁTICO CON LESIONADOS | D20: 1
B21: 10102 | C21: ACCIDENTE DE AERONAVE CON LESIONADOS | D21: 0
B22: 10103 | C22: ACCIDENTE DE MOTOCICLETA CON LESIONADOS | D22: 3
B23: 10104 | C23: ACCIDENTE DE VEHÍCULO AUTOMOTOR CON LESIONADOS | D23: 11
B24: 10105 | C24: ACCIDENTE FERROVIARIO CON LESIONADOS | D24: 0
B25: 10106 | C25: ACCIDENTE FERROVIARIO CON FALLECIDO | D25: 0
B26: 10107 | C26: ACCIDENTE MÚLTIPLE CON LESIONADOS | D26: 0
B27: 10108 | C27: ACCIDENTE MÚLTIPLE CON FALLECIDO | D27: 0
B28: 10109 | C28: ACCIDENTE DE VEHÍCULO DE PASAJEROS CON LESIONADOS | D28: 0
B29: 10110 | C29: ACCIDENTE DE VEHÍCULO DE PASAJEROS CON FALLECIDO | D29: 0
B30: 10111 | C30: ACCIDENTE DE MOTOCICLETA CON FALLECIDO | D30: 0
B31: 10112 | C31: ACCIDENTE DE VEHÍCULO AUTOMOTOR CON FALLECIDO | D31: 0
... B301: 70108 | C301: OTRAS LLAMADAS DE NO EMERGENCIA | D301: 0
B302: Total | D302: =SUM(D20:D301) -> 1004

Sheet C013
B6: SECRETARIA DE SEGURIDAD Y PROTECCIÓN CIUDADANA
B7: SECRETARIADO EJECUTIVO DEL SISTEMA NACIONAL DE SEGURIDAD PUBLICA
B8: CENTRO NACIONAL DE INFORMACIÓN
B10: (FORMATO ELECTRÓNICO FESE V.2.0)
C12: Nombre de la Entidad Federativa: | D12: =RESUMEN!C10 -> Querétaro
C13: Año: | D13: =RESUMEN!C11 -> 2025
C14: Mes: | D14: =RESUMEN!C12 -> Junio
B16: CENTRO DE ATENCIÓN DE LLAMADAS DE EMERGENCIAS
B17: Tipo de Administración: | D17: Municipal
B18: Nombre del Centro: | D18: Peñamiller
B19: ID | C19: Incidente | D19: Cantidad
B20: 10101 | C20: ACCIDENTE ACUÁTICO CON LESIONADOS | D20: 0
B21: 10102 | C21: ACCIDENTE DE AERONAVE CON LESIONADOS | D21: 0
B22: 10103 | C22: ACCIDENTE DE MOTOCICLETA CON LESIONADOS | D22: 0
B23: 10104 | C23: ACCIDENTE DE VEHÍCULO AUTOMOTOR CON LESIONADOS | D23: 0
B24: 10105 | C24: ACCIDENTE FERROVIARIO CON LESIONADOS | D24: 0
B25: 10106 | C25: ACCIDENTE FERROVIARIO CON FALLECIDO | D25: 0
B26: 10107 | C26: ACCIDENTE MÚLTIPLE CON LESIONADOS | D26: 0
B27: 10108 | C27: ACCIDENTE MÚLTIPLE CON FALLECIDO | D27: 0
B28: 10109 | C28: ACCIDENTE DE VEHÍCULO DE PASAJEROS CON LESIONADOS | D28: 0
B29: 10110 | C29: ACCIDENTE DE VEHÍCULO DE PASAJEROS CON FALLECIDO | D29: 0
B30: 10111 | C30: ACCIDENTE DE MOTOCICLETA CON FALLECIDO | D30: 0
B31: 10112 | C31: ACCIDENTE DE VEHÍCULO AUTOMOTOR CON FALLECIDO | D31: 0
... B301: 70108 | C301: OTRAS LLAMADAS DE NO EMERGENCIA | D301: 0
B302: Total | D302: =SUM(D20:D301) -> 0

Sheet C014
B6: SECRETARIA DE SEGURIDAD Y PROTECCIÓN CIUDADANA
B7: SECRETARIADO EJECUTIVO DEL SISTEMA NACIONAL DE SEGURIDAD PUBLICA
B8: CENTRO NACIONAL DE INFORMACIÓN
B10: (FORMATO ELECTRÓNICO FESE V.2.0)
C12: Nombre de la Entidad Federativa: | D12: =RESUMEN!C10 -> Querétaro
C13: Año: | D13: =RESUMEN!C11 -> 2025
C14: Mes: | D14: =RESUMEN!C12 -> Junio
B16: CENTRO DE ATENCIÓN DE LLAMADAS DE EMERGENCIAS
B17: Tipo de Administración: | D17: Municipal
B18: Nombre del Centro: | D18: Pinal de Amoles
B19: ID | C19: Incidente | D19: Cantidad
B20: 10101 | C20: ACCIDENTE ACUÁTICO CON LESIONADOS | D20: 0
B21: 10102 | C21: ACCIDENTE DE AERONAVE CON LESIONADOS | D21: 0
B22: 10103 | C22: ACCIDENTE DE MOTOCICLETA CON LESIONADOS | D22: 0
B23: 10104 | C23: ACCIDENTE DE VEHÍCULO AUTOMOTOR CON LESIONADOS | D23: 2
B24: 10105 | C24: ACCIDENTE FERROVIARIO CON LESIONADOS | D24: 0
B25: 10106 | C25: ACCIDENTE FERROVIARIO CON FALLECIDO | D25: 0
B26: 10107 | C26: ACCIDENTE MÚLTIPLE CON LESIONADOS | D26: 0
B27: 10108 | C27: ACCIDENTE MÚLTIPLE CON FALLECIDO | D27: 0
B28: 10109 | C28: ACCIDENTE DE VEHÍCULO DE PASAJEROS CON LESIONADOS | D28: 0
B29: 10110 | C29: ACCIDENTE DE VEHÍCULO DE PASAJEROS CON FALLECIDO | D29: 0
B30: 10111 | C30: ACCIDENTE DE MOTOCICLETA CON FALLECIDO | D30: 0
B31: 10112 | C31: ACCIDENTE DE VEHÍCULO AUTOMOTOR CON FALLECIDO | D31: 0
... B301: 70108 | C301: OTRAS LLAMADAS DE NO EMERGENCIA | D301: 0
B302: Total | D302: =SUM(D20:D301) -> 328

Sheet C015
B6: SECRETARIA DE SEGURIDAD Y PROTECCIÓN CIUDADANA
B7: SECRETARIADO EJECUTIVO DEL SISTEMA NACIONAL DE SEGURIDAD PUBLICA
B8: CENTRO NACIONAL DE INFORMACIÓN
B10: (FORMATO ELECTRÓNICO FESE V.2.0)
C12: Nombre de la Entidad Federativa: | D12: =RESUMEN!C10 -> Querétaro
C13: Año: | D13: =RESUMEN!C11 -> 2025
C14: Mes: | D14: =RESUMEN!C12 -> Junio
B16: CENTRO DE ATENCIÓN DE LLAMADAS DE EMERGENCIAS
B17: Tipo de Administración: | D17: Municipal
B18: Nombre del Centro: | D18: Querétaro
B19: ID | C19: Incidente | D19: Cantidad
B20: 10101 | C20: ACCIDENTE ACUÁTICO CON LESIONADOS | D20: 0
B21: 10102 | C21: ACCIDENTE DE AERONAVE CON LESIONADOS | D21: 0
B22: 10103 | C22: ACCIDENTE DE MOTOCICLETA CON LESIONADOS | D22: 249
B23: 10104 | C23: ACCIDENTE DE VEHÍCULO AUTOMOTOR CON LESIONADOS | D23: 600
B24: 10105 | C24: ACCIDENTE FERROVIARIO CON LESIONADOS | D24: 0
B25: 10106 | C25: ACCIDENTE FERROVIARIO CON FALLECIDO | D25: 0
B26: 10107 | C26: ACCIDENTE MÚLTIPLE CON LESIONADOS | D26: 8
B27: 10108 | C27: ACCIDENTE MÚLTIPLE CON FALLECIDO | D27: 0
B28: 10109 | C28: ACCIDENTE DE VEHÍCULO DE PASAJEROS CON LESIONADOS | D28: 73
B29: 10110 | C29: ACCIDENTE DE VEHÍCULO DE PASAJEROS CON FALLECIDO | D29: 0
B30: 10111 | C30: ACCIDENTE DE MOTOCICLETA CON FALLECIDO | D30: 1
B31: 10112 | C31: ACCIDENTE DE VEHÍCULO AUTOMOTOR CON FALLECIDO | D31: 3
... B301: 70108 | C301: OTRAS LLAMADAS DE NO EMERGENCIA | D301: 2435
B302: Total | D302: =SUM(D20:D301) -> 64540

Sheet C016
B6: SECRETARIA DE SEGURIDAD Y PROTECCIÓN CIUDADANA
B7: SECRETARIADO EJECUTIVO DEL SISTEMA NACIONAL DE SEGURIDAD PUBLICA
B8: CENTRO NACIONAL DE INFORMACIÓN
B10: (FORMATO ELECTRÓNICO FESE V.2.0)
C12: Nombre de la Entidad Federativa: | D12: =RESUMEN!C10 -> Querétaro
C13: Año: | D13: =RESUMEN!C11 -> 2025
C14: Mes: | D14: =RESUMEN!C12 -> Junio
B16: CENTRO DE ATENCIÓN DE LLAMADAS DE EMERGENCIAS
B17: Tipo de Administración: | D17: Municipal
B18: Nombre del Centro: | D18: San Joaquín
B19: ID | C19: Incidente | D19: Cantidad
B20: 10101 | C20: ACCIDENTE ACUÁTICO CON LESIONADOS | D20: 0
B21: 10102 | C21: ACCIDENTE DE AERONAVE CON LESIONADOS | D21: 0
B22: 10103 | C22: ACCIDENTE DE MOTOCICLETA CON LESIONADOS | D22: 0
B23: 10104 | C23: ACCIDENTE DE VEHÍCULO AUTOMOTOR CON LESIONADOS | D23: 0
B24: 10105 | C24: ACCIDENTE FERROVIARIO CON LESIONADOS | D24: 0
B25: 10106 | C25: ACCIDENTE FERROVIARIO CON FALLECIDO | D25: 0
B26: 10107 | C26: ACCIDENTE MÚLTIPLE CON LESIONADOS | D26: 0
B27: 10108 | C27: ACCIDENTE MÚLTIPLE CON FALLECIDO | D27: 0
B28: 10109 | C28: ACCIDENTE DE VEHÍCULO DE PASAJEROS CON LESIONADOS | D28: 0
B29: 10110 | C29: ACCIDENTE DE VEHÍCULO DE PASAJEROS CON FALLECIDO | D29: 0
B30: 10111 | C30: ACCIDENTE DE MOTOCICLETA CON FALLECIDO | D30: 0
B31: 10112 | C31: ACCIDENTE DE VEHÍCULO AUTOMOTOR CON FALLECIDO | D31: 0
... B301: 70108 | C301: OTRAS LLAMADAS DE NO EMERGENCIA | D301: 0
B302: Total | D302: =SUM(D20:D301) -> 54

Sheet C017
B6: SECRETARIA DE SEGURIDAD Y PROTECCIÓN CIUDADANA
B7: SECRETARIADO EJECUTIVO DEL SISTEMA NACIONAL DE SEGURIDAD PUBLICA
B8: CENTRO NACIONAL DE INFORMACIÓN
B10: (FORMATO ELECTRÓNICO FESE V.2.0)
C12: Nombre de la Entidad Federativa: | D12: =RESUMEN!C10 -> Querétaro
C13: Año: | D13: =RESUMEN!C11 -> 2025
C14: Mes: | D14: =RESUMEN!C12 -> Junio
B16: CENTRO DE ATENCIÓN DE LLAMADAS DE EMERGENCIAS
B17: Tipo de Administración: | D17: Municipal
B18: Nombre del Centro: | D18: San Juan del Río
B19: ID | C19: Incidente | D19: Cantidad
B20: 10101 | C20: ACCIDENTE ACUÁTICO CON LESIONADOS | D20: 0
B21: 10102 | C21: ACCIDENTE DE AERONAVE CON LESIONADOS | D21: 0
B22: 10103 | C22: ACCIDENTE DE MOTOCICLETA CON LESIONADOS | D22: 54
B23: 10104 | C23: ACCIDENTE DE VEHÍCULO AUTOMOTOR CON LESIONADOS | D23: 73
B24: 10105 | C24: ACCIDENTE FERROVIARIO CON LESIONADOS | D24: 0
B25: 10106 | C25: ACCIDENTE FERROVIARIO CON FALLECIDO | D25: 0
B26: 10107 | C26: ACCIDENTE MÚLTIPLE CON LESIONADOS | D26: 0
B27: 10108 | C27: ACCIDENTE MÚLTIPLE CON FALLECIDO | D27: 0
B28: 10109 | C28: ACCIDENTE DE VEHÍCULO DE PASAJEROS CON LESIONADOS | D28: 12
B29: 10110 | C29: ACCIDENTE DE VEHÍCULO DE PASAJEROS CON FALLECIDO | D29: 0
B30: 10111 | C30: ACCIDENTE DE MOTOCICLETA CON FALLECIDO | D30: 0
B31: 10112 | C31: ACCIDENTE DE VEHÍCULO AUTOMOTOR CON FALLECIDO | D31: 0
... B301: 70108 | C301: OTRAS LLAMADAS DE NO EMERGENCIA | D301: 161
B302: Total | D302: =SUM(D20:D301) -> 8152

Sheet C018
B6: SECRETARIA DE SEGURIDAD Y PROTECCIÓN CIUDADANA
B7: SECRETARIADO EJECUTIVO DEL SISTEMA NACIONAL DE SEGURIDAD PUBLICA
B8: CENTRO NACIONAL DE INFORMACIÓN
B10: (FORMATO ELECTRÓNICO FESE V.2.0)
C12: Nombre de la Entidad Federativa: | D12: =RESUMEN!C10 -> Querétaro
C13: Año: | D13: =RESUMEN!C11 -> 2025
C14: Mes: | D14: =RESUMEN!C12 -> Junio
B16: CENTRO DE ATENCIÓN DE LLAMADAS DE EMERGENCIAS
B17: Tipo de Administración: | D17: Municipal
B18: Nombre del Centro: | D18: Tequisquiapan
B19: ID | C19: Incidente | D19: Cantidad
B20: 10101 | C20: ACCIDENTE ACUÁTICO CON LESIONADOS | D20: 0
B21: 10102 | C21: ACCIDENTE DE AERONAVE CON LESIONADOS | D21: 0
B22: 10103 | C22: ACCIDENTE DE MOTOCICLETA CON LESIONADOS | D22: 2
B23: 10104 | C23: ACCIDENTE DE VEHÍCULO AUTOMOTOR CON LESIONADOS | D23: 4
B24: 10105 | C24: ACCIDENTE FERROVIARIO CON LESIONADOS | D24: 0
B25: 10106 | C25: ACCIDENTE FERROVIARIO CON FALLECIDO | D25: 0
B26: 10107 | C26: ACCIDENTE MÚLTIPLE CON LESIONADOS | D26: 0
B27: 10108 | C27: ACCIDENTE MÚLTIPLE CON FALLECIDO | D27: 0
B28: 10109 | C28: ACCIDENTE DE VEHÍCULO DE PASAJEROS CON LESIONADOS | D28: 0
B29: 10110 | C29: ACCIDENTE DE VEHÍCULO DE PASAJEROS CON FALLECIDO | D29: 0
B30: 10111 | C30: ACCIDENTE DE MOTOCICLETA CON FALLECIDO | D30: 0
B31: 10112 | C31: ACCIDENTE DE VEHÍCULO AUTOMOTOR CON FALLECIDO | D31: 0
... B301: 70108 | C301: OTRAS LLAMADAS DE NO EMERGENCIA | D301: 0
B302: Total | D302: =SUM(D20:D301) -> 335

Sheet C019
B6: SECRETARIA DE SEGURIDAD Y PROTECCIÓN CIUDADANA
B7: SECRETARIADO EJECUTIVO DEL SISTEMA NACIONAL DE SEGURIDAD PUBLICA
B8: CENTRO NACIONAL DE INFORMACIÓN
B10: (FORMATO ELECTRÓNICO FESE V.2.0)
C12: Nombre de la Entidad Federativa: | D12: =RESUMEN!C10 -> Querétaro
C13: Año: | D13: =RESUMEN!C11 -> 2025
C14: Mes: | D14: =RESUMEN!C12 -> Junio
B16: CENTRO DE ATENCIÓN DE LLAMADAS DE EMERGENCIAS
B17: Tipo de Administración: | D17: Municipal
B18: Nombre del Centro: | D18: Tolimán
B19: ID | C19: Incidente | D19: Cantidad
B20: 10101 | C20: ACCIDENTE ACUÁTICO CON LESIONADOS | D20: 0
B21: 10102 | C21: ACCIDENTE DE AERONAVE CON LESIONADOS | D21: 0
B22: 10103 | C22: ACCIDENTE DE MOTOCICLETA CON LESIONADOS | D22: 0
B23: 10104 | C23: ACCIDENTE DE VEHÍCULO AUTOMOTOR CON LESIONADOS | D23: 0
B24: 10105 | C24: ACCIDENTE FERROVIARIO CON LESIONADOS | D24: 0
B25: 10106 | C25: ACCIDENTE FERROVIARIO CON FALLECIDO | D25: 0
B26: 10107 | C26: ACCIDENTE MÚLTIPLE CON LESIONADOS | D26: 0
B27: 10108 | C27: ACCIDENTE MÚLTIPLE CON FALLECIDO | D27: 0
B28: 10109 | C28: ACCIDENTE DE VEHÍCULO DE PASAJEROS CON LESIONADOS | D28: 0
B29: 10110 | C29: ACCIDENTE DE VEHÍCULO DE PASAJEROS CON FALLECIDO | D29: 0
B30: 10111 | C30: ACCIDENTE DE MOTOCICLETA CON FALLECIDO | D30: 0
B31: 10112 | C31: ACCIDENTE DE VEHÍCULO AUTOMOTOR CON FALLECIDO | D31: 0
... B301: 70108 | C301: OTRAS LLAMADAS DE NO EMERGENCIA | D301: 0
B302: Total | D302: =SUM(D20:D301) -> 885
